"","dataset","x.mean","y.mean","x.stdev","y.stdev"
"1","I",9,7.50090909090909,3.3166247903554,2.03156813592582
"2","II",9,7.50090909090909,3.3166247903554,2.03165673550162
"3","III",9,7.5,3.3166247903554,2.03042360112367
"4","IV",9,7.50090909090909,3.3166247903554,2.0305785113876
